{
  "parent": "minecraft:adventure/root",
  "display": {
    "icon": {
      "item": "platypus:platypus_egg"
    },
    "title": {
      "translate": "advancements.adventure.kill_platypus.title"
    },
    "description": {
      "translate": "advancements.adventure.kill_platypus.description"
    },
    "frame": "task",
    "show_toast": true,
    "announce_to_chat": true,
    "hidden": false
  },
  "criteria": {
    "killed_platypus": {
      "trigger": "minecraft:player_killed_entity",
      "conditions": {
        "entity": [
          {
            "condition": "minecraft:entity_properties",
            "predicate": {
              "type": "platypus:platypus"
            },
            "entity": "this"
          }
        ]
      }
    }
  },
  "requirements": [
    [
      "killed_platypus"
    ]
  ]
}